Seed,AUUC,AUQC,Lift,KRCC
412312,0.46245856304488314,0.46068870266863926,0.30014733557603246,-0.051695931081260575
42,0.47004646288815,0.46830711753917803,0.03990219042315535,-0.032933145836935906
1874,0.45242587929976413,0.4508706015731097,0.10641753205596993,-0.044232544353627265
902745,0.4488841869142611,0.44775087384838946,0.3377028487389495,-0.0006543009106676008
1,0.4534046199355659,0.4521275642027134,0.14483415274675038,-0.03759856727469663
