Seed,AUUC,AUQC,Lift,KRCC
412312,0.4624585630448831,0.46068870266863915,0.30098020776001433,-0.051695931081260575
42,0.47004646288814994,0.46830711753917803,0.03990219042315535,-0.032933145836935906
1874,0.45242587929976413,0.4508706015731097,0.10732282272358895,-0.044232544353627265
902745,0.44888418691426113,0.4477508738483894,0.3377028487389496,-0.0006543009106676008
1,0.4534046199355659,0.4521275642027134,0.14392339298337797,-0.03759856727469663
