Seed,AUUC,AUQC,Lift,KRCC
412312,0.6250041148457262,0.6225401579812695,0.35765949013656073,0.0624656533334039
42,0.6127350692871815,0.6096062853353316,0.35405186804160793,0.029635903876723647
1874,0.6047345350538589,0.6023616427809401,0.30147768214924153,0.06168970641204791
902745,0.6318111869823841,0.6289334808581193,0.362719401875358,0.009015438688103209
1,0.6315339576620581,0.6286146918040673,0.3446397124765973,0.03185985150400352
