Seed,AUUC,AUQC,Lift,KRCC
412312,0.7412697971649868,0.7408271638742405,0.0021689964599420925,0.10151849143798938
42,0.8018658386389177,0.8023873916352197,0.0061167289543949815,0.15078929434013927
1874,0.7747323531502113,0.7748140036052436,0.005599665872699014,0.16673990982055908
902745,0.7771047267137957,0.7768160578953449,0.0026987863045533217,0.1427897857925674
1,0.8037751209526575,0.8027668738632298,0.00332096324186689,0.16418394578882697
