Seed,AUUC,AUQC,Lift,KRCC
412312,0.5379966650885916,0.5366271032828338,0.00794948517140882,0.050693499606022596
42,0.5969604677812229,0.5938467201029715,0.0089273408887218,0.09933545767186881
1874,0.5472209843200643,0.545761908165607,0.009017066368000697,0.02376890321777066
902745,0.5751800524182873,0.573162863434276,0.009686396523467786,0.09572324469560219
1,0.5624270934890412,0.5603179626605796,0.007906379334950763,0.07497789756149592
