{
  "lr": 0.0005,
  "weight_decay": 0.0001,
  "method": "mmd_rbf",
  "alpha": 0.5,
  "mean_Val_AUQC": 0.8051653420246279,
  "mean_AUUC": 0.7702538481331993,
  "mean_AUQC": 0.7682452728554495,
  "mean_Lift": 0.00636649876832962,
  "mean_KRCC": 0.122768151903459,
  "mean_ATE_Err": 0.03763661906123161,
  "std_Val_AUQC": 0.10847984668146776,
  "std_AUUC": 0.10991521032822849,
  "std_AUQC": 0.11105555715853732,
  "std_Lift": 0.0013675226835531266,
  "std_KRCC": 0.06689650502681599,
  "std_ATE_Err": 0.01895005814731121,
  "saved_at": "2026-03-18T10:46:36"
}