{
  "lr": 5e-05,
  "weight_decay": 1e-05,
  "alpha": 0.5,
  "beta": 1.0,
  "mean_Val_AUQC": 0.8590330424288231,
  "mean_AUUC": 0.7602136102168638,
  "mean_AUQC": 0.7606898962630619,
  "mean_Lift": 0.0063288272358477116,
  "mean_KRCC": 0.12891386908678765,
  "mean_ATE_Err": 0.16130752861499786,
  "std_Val_AUQC": 0.08090730143842581,
  "std_AUUC": 0.12724897118899903,
  "std_AUQC": 0.13076119075052298,
  "std_Lift": 0.0018756354056660713,
  "std_KRCC": 0.05006557257850956,
  "std_ATE_Err": 0.23526988923549652,
  "saved_at": "2026-03-18T11:27:54"
}