Seed,AUUC,AUQC,Lift,KRCC
412312,0.6858684152777756,0.6856137593953056,0.6348406623764952,0.1593661939768813
42,0.5683767114100752,0.5648919975269125,0.5811516945686589,-0.0030312164993594624
1874,0.4849595952454704,0.4849204890349423,0.7220970526418427,-0.03652447176717016
902745,0.5536007826819481,0.5548703975120597,0.7902405886527513,0.029772950765283086
1,0.6286046714747194,0.6297658949046196,0.7736400237259493,0.030437241124276954
