Seed,AUUC,AUQC,Lift,KRCC
412312,0.5930829426029569,0.5919065051505933,0.7000223722768617,-0.0019101113547790407
42,0.5930829426029569,0.5919065051505933,0.7000223722768617,-0.0019101113547790407
1874,0.5930829426029569,0.5919065051505933,0.7000223722768617,-0.0019101113547790407
902745,0.5930829426029569,0.5919065051505933,0.7000223722768617,-0.0019101113547790407
1,0.5930829426029569,0.5919065051505933,0.7000223722768617,-0.0019101113547790407
